"Refs","Value","Footprint","Qty","Note"
"C1,C2,C9","4.7uF","Capacitor_SMD:C_0805_2012Metric","3",""
"C3,C7,C8,C11,C12","100nF","Capacitor_SMD:C_0603_1608Metric","5",""
"C4","1uF","Capacitor_SMD:C_0603_1608Metric","1","tSRD ~ 10 s/uF typ -> ~10 s hardware override"
"C5,C6","1uF","Capacitor_SMD:C_0603_1608Metric","2",""
"C10","100nF","Capacitor_SMD:C_0603_1608Metric","1","VDDA decoupling"
"D1","RED (charging)","LED_SMD:LED_0603_1608Metric","1",""
"D2","GREEN (status)","LED_SMD:LED_0603_1608Metric","1",""
"J1","USB-C (power only)","Connector_USB:USB_C_Receptacle_GCT_USB4125-xx-x_6P_TopMnt_Horizontal","1",""
"J2","Li-ion 1S (protected cell)","Connector_JST:JST_PH_S2B-PH-K_1x02_P2.00mm_Horizontal","1",""
"J3","SWD","Connector_PinHeader_2.54mm:PinHeader_1x05_P2.54mm_Vertical","1",""
"J4","UART debug","Connector_PinHeader_2.54mm:PinHeader_1x03_P2.54mm_Vertical","1",""
"R1","5.1k","Resistor_SMD:R_0603_1608Metric","1","USB-C sink Rd on CC1"
"R2","5.1k","Resistor_SMD:R_0603_1608Metric","1","USB-C sink Rd on CC2"
"R3","4.7k","Resistor_SMD:R_0603_1608Metric","1","Charge current = 1000V/R_PROG(kOhm) ~ 213 mA"
"R4,R14","1k","Resistor_SMD:R_0603_1608Metric","2",""
"R5","1M","Resistor_SMD:R_0603_1608Metric","1","PB pull-up; harmless if STM6601 has internal pull-up"
"R6","0R","Resistor_SMD:R_0603_1608Metric","1","Single-button Smart Reset (hold ~10 s). Remove to disable"
"R8","100k","Resistor_SMD:R_0603_1608Metric","1","Holds PS_HOLD high in MCU Standby; MCU drives low = OFF"
"R10-R12","100k","Resistor_SMD:R_0603_1608Metric","3",""
"R13","10k","Resistor_SMD:R_0603_1608Metric","1",""
"R15","4.7M","Resistor_SMD:R_0603_1608Metric","1","Divider fed from EN (=VBAT when ON, 0 V when OFF)"
"R16","4.7M","Resistor_SMD:R_0603_1608Metric","1",""
"SW1","Power / gesture button","Button_Switch_SMD:SW_SPST_TL3342","1",""
"U1","MCP73831-2-OT","Package_TO_SOT_SMD:SOT-23-5","1",""
"U2","STM6601 (active-high push-pull EN option)","Package_DFN_QFN:TDFN-12_2x3mm_P0.5mm","1","Order code must give active-high push-pull EN; pick VCC_LO threshold for 1S Li-ion"
"U3","TPS7A0533PDBV","Package_TO_SOT_SMD:SOT-23-5","1",""
"U4","STM32L031K6T6","Package_QFP:LQFP-32_7x7mm_P0.8mm","1",""
